"climate","n_spp","perc_current_min","perc_current_mn","perc_current_md","perc_current_max","perc_change_min","perc_change_mn","perc_change_md","perc_change_max","N_shift_min","N_shift_mn","N_shift_md","N_shift_max","S_shift_min","S_shift_mn","S_shift_md","S_shift_max"
"ssp245_2041",13,10.1253929061997,40.0600662016376,32.5457487825872,88.6397474837711,16.4069202052803,141.895993415116,100.955331051612,737.565759434618,-446,-8.92307692307692,0,195,-148,191.846153846154,19,799
"ssp245_2071",13,11.7255007710653,39.4594431338416,31.1308150396064,88.6397474837711,24.2103409156796,152.01693399035,116.59539511863,836.114585194449,-437,28.6923076923077,0,301,-148,235.384615384615,32,907
"ssp370_2041",13,11.8623643155758,41.2462993439322,32.5148473408171,88.6397474837711,23.0128005258412,147.40567178646,112.263133867569,768.463264050186,-445,6.23076923076923,0,232,-148,193.692307692308,19,856
"ssp370_2071",13,14.8283780705025,41.8767443188982,34.8679956092498,88.6397474837711,30.2733736135224,179.140465534039,137.425094624651,1052.02588688385,-362,114.538461538462,56,521,-148,256,70,1026
"ssp585_2041",13,12.0623256676245,39.845144067444,29.8669983846435,88.6397474837711,22.6206846756963,148.883330959054,119.366861051432,802.139042741151,-413,11.5384615384615,-9,269,-148,224.692307692308,35,941
"ssp585_2071",13,13.699753023335,39.6591228611447,38.112640651582,88.6397474837711,36.2426525850101,183.219504798857,115.819965975002,1140.78176801064,-315,190.769230769231,65,658,-148,299.153846153846,125,1082
