"climate","n_spp","perc_current_min","perc_current_mn","perc_current_md","perc_current_max","perc_change_min","perc_change_mn","perc_change_md","perc_change_max","N_shift_min","N_shift_mn","N_shift_md","N_shift_max","S_shift_min","S_shift_mn","S_shift_md","S_shift_max"
"ssp245_2041",13,10.1253929061997,39.6901479907434,32.5048987565744,88.6397474837711,16.4069202052803,138.255735246614,76.9764387941535,737.474440672583,-446,-14.3076923076923,-5,195,-148,191.846153846154,19,799
"ssp245_2071",13,11.7255007710653,39.1318568290199,31.0459204540681,88.6397474837711,24.2103409156796,148.275331413792,73.0368833739342,836.098703670617,-437,21.9230769230769,0,301,-148,236.076923076923,32,907
"ssp370_2041",13,11.8623643155758,41.1391681549888,32.4615671452058,88.6397474837711,23.0128005258412,144.361158343034,74.4301918392205,768.328271097612,-445,1.30769230769231,0,232,-148,194,19,856
"ssp370_2071",13,14.8283780705025,41.1828064164275,36.5655976096278,88.6397474837711,30.2733736135224,175.334676156275,102.042494768574,1052.02588688385,-362,110.076923076923,5,521,-148,256.307692307692,70,1026
"ssp585_2041",13,12.0623256676245,39.6249350990445,29.7325599475894,88.6397474837711,22.6226538321425,145.933534410769,71.0332292935445,802.109264883966,-413,8.38461538461539,-19,269,-148,238.076923076923,35,941
"ssp585_2071",13,13.699753023335,38.421271961056,39.2968830316074,88.6397474837711,36.2426525850101,178.580600803622,114.95928091236,1140.78176801064,-315,187.230769230769,19,658,-148,301.076923076923,102,1082
