"climate","overlap_min_14","overlap_mn_14","overlap_md_14","overlap_max_14","beta_area","sd_area","t_area","p_area","beta_nhosts","sd_nhosts","t_nhosts","p_nhosts"
"current",64.57,85.5528571428571,89.645,100,-0.187245012499306,3.87776050359371,-0.0482868945428107,0.962281958783196,0.741203631647211,0.269326592396225,2.75206256111826,0.0175351493592804
"ssp245_2041",0.28,78.3292857142857,92.675,100,5.46671996856859,7.35740361026101,0.743022981768246,0.471764209022898,1.48957457846952,0.528627087116738,2.81781735134691,0.0155226682319436
"ssp245_2071",0,78.62,93.445,100,6.44470098119586,7.36234778803866,0.875359486774902,0.398560990909875,1.47595849546044,0.53493606927703,2.75913063304034,0.0173070188062209
"ssp370_2041",0,78.7492857142857,93.305,100,5.67531129764591,7.33651777321525,0.773570169538168,0.454154934547481,1.46428793774319,0.533463604917304,2.74486942360422,0.0177703622904153
"ssp370_2071",0,79.4628571428571,96.05,100,6.78203274048171,7.59952750454224,0.892428211678699,0.389708801744231,1.49512840466926,0.559034308076273,2.67448416504926,0.0202422880120998
"ssp585_2041",0.22,78.6135714285714,93.09,100,6.31381961867957,7.39175280978754,0.854170828104442,0.409738627603768,1.501953307393,0.533497889951837,2.81529381030652,0.0155955084493553
"ssp585_2071",0,78.6607142857143,95.5,100,5.47381532250808,7.65863115262143,0.714725022451888,0.488450706238978,1.53494422827497,0.561576714013777,2.73327613124164,0.0181560231422881
