"climate","overlap_min_13","overlap_mn_13","overlap_md_13","overlap_max_13","beta_area","sd_area","t_area","p_area","beta_nhosts","sd_nhosts","t_nhosts","p_nhosts"
"current",64.57,88.2107692307692,94.89,100,-2.5061774303924,3.79247299267005,-0.660829341497289,0.522320922886046,0.629057627475769,0.331222884631341,1.89919735822579,0.0840645491847127
"ssp245_2041",61.01,88.4592307692308,95.5,100,-4.63413464147869,3.52455869027669,-1.31481273223312,0.215324513656931,0.669346818373366,0.335067780717457,1.99764601938193,0.0710900516036454
"ssp245_2071",62.05,88.8169230769231,94.52,100,-4.75283569133316,3.36146871839349,-1.41391638283774,0.185058783202877,0.640104298356511,0.325386151128959,1.96721432714824,0.0748870254031557
"ssp370_2041",62.02,88.7469230769231,95.9,100,-4.76573450672439,3.42598529134255,-1.39105515682376,0.191704140841468,0.64682206068268,0.332336187708383,1.9462883808797,0.0776065425581979
"ssp370_2071",61.21,89.7415384615385,97.35,100,-5.58333920543283,3.28642727772338,-1.69890849046889,0.11740660352764,0.621653497682259,0.336751472044881,1.84603052781728,0.0919490140125463
"ssp585_2041",58.7,88.56,95.58,100,-4.68559236753919,3.54792974631044,-1.3206553406002,0.213433207796993,0.676432785503582,0.340098184392362,1.98893383306981,0.0721583212126333
"ssp585_2071",59.32,89.5907692307692,98.4,100,-6.24779853580506,3.34881296167724,-1.86567557140482,0.0889598715292839,0.670843341761484,0.349850066520301,1.91751669060367,0.0814953974194721
