"climate","overlap_min_14","overlap_mn_14","overlap_md_14","overlap_max_14","beta_area","sd_area","t_area","p_area","beta_nhosts","sd_nhosts","t_nhosts","p_nhosts"
"current",57.66,85.0592857142857,89.645,100,-1.21808432013779,4.05442303372503,-0.300433455020768,0.768987830193685,0.750166018158236,0.293047680283674,2.55987700510738,0.0250071751305072
"ssp245_2041",0.28,77.1664285714286,92.675,100,2.52141390940848,7.46516126275575,0.337757460376376,0.741381072542372,1.51069001297017,0.546058187414912,2.76653669478322,0.0170711220376328
"ssp245_2071",0,77.2742857142857,93.445,100,3.04466225026681,7.50316685488527,0.405783625654606,0.69204365711132,1.50039429312581,0.553225320478092,2.71208536122169,0.0188823838525212
"ssp370_2041",0,77.4678571428571,93.305,100,2.11517018321991,7.4477356135291,0.284001781612336,0.781249884133834,1.48755642023346,0.554072926897279,2.68476647751686,0.0198611309808763
"ssp370_2071",0,77.8628571428571,96.05,100,3.28114050736308,7.77682496806341,0.421912608402212,0.680548884969022,1.52418158236057,0.578075409885311,2.63664836160902,0.0217076525377179
"ssp585_2041",0.22,77.1942857142857,93.09,100,2.968663687535,7.56349244524424,0.392499061647326,0.701571977946711,1.52772503242542,0.553836874830817,2.75843863392466,0.0173292239432107
"ssp585_2071",0,76.6571428571429,95.5,100,1.10833551798659,7.82927652952538,0.141562954611054,0.889774039178695,1.57132555123217,0.58888051548582,2.66832661280335,0.0204739732880344
