"climate","overlap_min_13","overlap_mn_13","overlap_md_13","overlap_max_13","beta_area","sd_area","t_area","p_area","beta_nhosts","sd_nhosts","t_nhosts","p_nhosts"
"current",64.57,87.0823076923077,93.04,100,-1.97533084403331,3.81141746343602,-0.518266724383567,0.61453692582592,0.65826224118013,0.286287251736759,2.29930685766407,0.0420832116565993
"ssp245_2041",48.52,84.3330769230769,93.33,100,-3.77731678135949,4.96429333653042,-0.760897176152665,0.462718035360451,1.00300808673243,0.357835592834008,2.80298580358858,0.0171827539203238
"ssp245_2071",46.08,84.6676923076923,94.47,100,-3.63197889951809,4.99491553496669,-0.727135198601975,0.482331989987315,0.983055629609882,0.361462679614363,2.71966010615171,0.0199435660425496
"ssp370_2041",46.36,84.8069230769231,93.89,100,-4.36252328391234,4.8245651195969,-0.904231402368724,0.38524830740772,0.968976272993868,0.355836057697512,2.72309748276711,0.0198214073538434
"ssp370_2071",39.73,85.5753846153846,97.35,100,-4.19425714134461,5.31963138185021,-0.788448830431144,0.44709344758408,0.99732071447614,0.397915549698795,2.50636275770341,0.029174518698108
"ssp585_2041",45.07,84.6438461538462,95.55,100,-3.87808453269255,5.06574412257849,-0.765550813237402,0.460054764110448,1.01389896027726,0.364739931379799,2.7797860147687,0.0179107650834072
"ssp585_2071",36.82,84.7115384615385,96.35,100,-5.16916871746261,5.39849264230825,-0.957520748838588,0.35887659396617,1.04838665244824,0.414347866661157,2.53020888196241,0.0279630090088089
