"climate","overlap_min_14","overlap_mn_14","overlap_md_14","overlap_max_14","beta_area","sd_area","t_area","p_area","beta_nhosts","sd_nhosts","t_nhosts","p_nhosts"
"current",54.62,84.8421428571429,89.645,100,1.00894380947986,4.39846043182791,0.229385673718692,0.822432304024541,0.754108949416343,0.304886726914779,2.47340695033644,0.0293100091337885
"ssp245_2041",0.28,75.0478571428571,92.675,100,8.8882649743208,8.34670454043146,1.0648831441518,0.307887129627663,1.54915953307393,0.621947985230231,2.49081847656515,0.0283894677491857
"ssp245_2071",0,75.4457142857143,93.445,100,9.90073210157857,8.16493621001116,1.21259148227504,0.248618628883213,1.53359792477302,0.615315972357851,2.49237463948217,0.0283085724910014
"ssp370_2041",0,75.4592857142857,93.305,100,9.42417079322759,8.32713584101803,1.13174217079608,0.279852507539212,1.52402853437095,0.627649676455627,2.42815154940766,0.0318398673044067
"ssp370_2071",0,76.8114285714286,96.05,100,9.79366965161307,8.02599878906689,1.22024310107723,0.245810485201345,1.54327367055772,0.608488964850193,2.53623937278413,0.0261182110944253
"ssp585_2041",0.22,75.3521428571429,93.09,100,9.8739541117623,8.21986605834023,1.20123053607957,0.252834717732589,1.56117509727626,0.618505407939676,2.5241090493885,0.026706881091009
"ssp585_2071",0,76.4164285714286,95.5,100,7.93593372128551,7.94838777843,0.998433134178696,0.337777375708606,1.57569649805448,0.595642652640503,2.64537217250874,0.021360820439245
