"climate","overlap_min_13","overlap_mn_13","overlap_md_13","overlap_max_13","beta_area","sd_area","t_area","p_area","beta_nhosts","sd_nhosts","t_nhosts","p_nhosts"
"current",57.66,86.5507692307692,93.04,100,-3.03148858558263,4.00135775261251,-0.757614982965058,0.464602320088133,0.672385586065938,0.314489530753448,2.13802216072201,0.0557967218320908
"ssp245_2041",48.52,83.0807692307692,93.33,100,-6.22209736938437,5.02538673385164,-1.23813304306941,0.241440612279372,1.03628276903937,0.401535894545204,2.58079734120185,0.0255539676217122
"ssp245_2071",46.08,83.2184615384615,94.47,100,-6.4004063807109,5.04725851499185,-1.26809561303424,0.230946225780337,1.02156269439261,0.408699311176565,2.4995459166587,0.02953019792782
"ssp370_2041",46.36,83.4269230769231,93.89,100,-7.17407852849954,4.83980766041402,-1.4823065361002,0.16633072130736,1.00564382831245,0.406856705640849,2.4717395937433,0.0310254796373973
"ssp370_2071",39.73,83.8523076923077,97.35,100,-7.10171582554568,5.38163045227046,-1.31962160697034,0.213766838341611,1.04310406113925,0.446380912030171,2.33680256710607,0.0393937941571225
"ssp585_2041",45.07,83.1153846153846,95.55,100,-6.6717016711959,5.15475976875988,-1.2942798443546,0.2220806066556,1.05451124144673,0.415490605139605,2.53799057885415,0.027578435522886
"ssp585_2071",36.82,82.5538461538462,96.35,100,-8.79620507450413,5.41950654240951,-1.62306383536412,0.132860241741789,1.10571803074736,0.477122450122445,2.31747223477662,0.0407588831046058
