"climate","overlap_min_13","overlap_mn_13","overlap_md_13","overlap_max_13","beta_area","sd_area","t_area","p_area","beta_nhosts","sd_nhosts","t_nhosts","p_nhosts"
"current",54.62,86.3169230769231,93.04,100,-0.821017653155985,4.48390475784341,-0.183103276607254,0.858048235583037,0.678599040255932,0.328348010798043,2.06670671951571,0.0631307596344872
"ssp245_2041",22.89,80.7992307692308,93.33,100,0.70237976779053,7.11389194168068,0.0987335446684604,0.923126098565303,1.0969048253799,0.535927912965292,2.04673949395679,0.0653415889786859
"ssp245_2071",26.99,81.2492307692308,94.47,100,1.21032706272697,6.93226947351504,0.17459319308793,0.864571265741981,1.07388651915045,0.520750597697072,2.06218970059664,0.0636246522302993
"ssp370_2041",22.88,81.2638461538462,93.89,100,0.602387839143308,7.09293839245853,0.0849278262142793,0.933844786047701,1.06311827956989,0.537415914821191,1.97820393898013,0.0734945695447259
"ssp370_2071",37.79,82.72,97.35,100,0.712967455741416,6.67451394190739,0.106819382197241,0.916855544911134,1.07319026037501,0.502417647460761,2.13605207898042,0.0559880180040613
"ssp585_2041",25.52,81.1315384615385,95.55,100,1.1915727194228,7.05945404135366,0.168791058408012,0.869024716741077,1.10722340709144,0.529772657138259,2.08999726990908,0.0606409497955852
"ssp585_2071",36.82,82.2946153846154,96.35,100,-0.862046548226386,6.46715324776244,-0.133296137450376,0.896366479218864,1.11260597174087,0.489348005323417,2.27364975362581,0.0440245024290168
