"climate","area_min_all","area_mn_all","area_md_all","area_max_all","area_min_14","area_mn_14","area_md_14","area_max_14","area_min_13","area_mn_13","area_md_13","area_max_13"
"current",54526,841800.866666667,717613,2122412,101835,898034.785714286,773936,2122412,101835,947713.384615385,830259,2122412
"ssp245_2041",0,691513.733333333,666923,1698796,26940,740907.571428571,737145.5,1698796,194696,795828.153846154,807368,1698796
"ssp245_2071",0,722129.133333333,706427,1629483,26683,773709.785714286,769612.5,1629483,299511,831173.384615385,832798,1629483
"ssp370_2041",0,723659.666666667,726582,1685643,31218,775349.642857143,780708.5,1685643,273086,832590.538461538,834835,1685643
"ssp370_2071",0,825630,849568,1841547,15284,884603.571428571,918004.5,1841547,364884,951474.307692308,986441,1841547
"ssp585_2041",0,718289.8,750354,1634811,15906,769596.214285714,789284.5,1634811,294710,827572.384615385,828215,1634811
"ssp585_2071",0,851753.2,788011,2004164,1135,912592.714285714,861477.5,2004164,292963,982704.846153846,934944,2004164
