"climate","area_min_all","area_mn_all","area_md_all","area_max_all","area_min_14","area_mn_14","area_md_14","area_max_14","area_min_13","area_mn_13","area_md_13","area_max_13"
"current",54526,794859.333333333,717613,1843401,101835,847740.285714286,773936,1843401,101835,893550.076923077,830259,1843401
"ssp245_2041",0,613191.733333333,470876,1698796,26940,656991.142857143,568899.5,1698796,194696,705456.615384615,666923,1698796
"ssp245_2071",0,640454.466666667,496429,1629483,26683,686201.214285714,601428,1629483,299511,736933.384615385,706427,1629483
"ssp370_2041",0,639743.933333333,488700,1661409,31218,685439.928571429,607641,1661409,273086,735764.692307692,726582,1661409
"ssp370_2071",0,732536.333333333,556735,1841547,15284,784860.357142857,703151.5,1841547,321063,844058.538461538,849568,1841547
"ssp585_2041",0,638596.066666667,503747,1634811,15906,684210.071428571,627050.5,1634811,294710,735618.076923077,750354,1634811
"ssp585_2071",0,743527.466666667,663535,2004164,1135,796636.571428571,725773,2004164,275056,857829,788011,2004164
